No.,タイトル,キーワード,要点,ジャンル,動画URL,公開日,スライドフォルダ,スライド枚数
64,【中国語】「車で行く」が3つに分かれる｜日本語の「で」は動詞を隠している,在 / 因为 / 用 / 坐 / 骑 (日本語の「で」),日本語の「で」の分かれ方。在=場所、因为=原因、用=道具。「電車で行く」は「で」が消えて坐/骑が動詞になる=日本語の「で」は動詞を隠している。「に」回の続編。,文法,https://www.youtube.com/watch?v=dYb2pNapte4,2026-08-31,64,9
63,【中国語】走进来教室は間違い｜目的語をどこに置くか、2つのルールで解決,複合方向補語 / 走进来 / 跑出去 / 拿回来 / 进出上下回过,複合方向補語は「動作→方向→来/去」の順に並べるだけ。走进来=歩いて入ってくる。目的語をどこに置くかを2つのルールで解決。語順回の続編。,文法,https://www.youtube.com/watch?v=oez4T35ssmI,2026-08-28,63,10
62,【中国語】日本語の「に」は6つに分かれる｜在・给・对・跟・往・到,在 / 给 / 对 / 跟 / 往 / 到 (日本語の「に」),日本語の「に」は中国語では6つに分かれる。在=場所、给=相手(〜に渡す)、对=対象、跟=一緒に、往=方向、到=到達点。動詞によって決まる。「する」5つの助詞版。,文法,https://www.youtube.com/watch?v=VbWsazsbp_4,2026-08-25,62,8
61,【中国語】なぜ語順を間違えると通じないのか｜日本語には助詞があるから,語順 / 主語+時間+場所+対象+動詞 / 助詞,日本語は助詞があるから語順が自由、中国語は助詞がないので語順で意味が決まる。動詞を真ん中に置き、前後に何を置くかで整理。コメントのリクエスト回。,文法,https://www.youtube.com/watch?v=l_EFFmCFsys,2026-08-22,61,8
60,【中国語】中国の職場でよく見る「过去」｜来と去の使い分け,过来 / 过去 / 来 / 去 / 马上过去,来と去は話し手が基準(来=近づく、去=離れる)。中国の職場WeChatで毎日見る「这就过去・马上过去」=今から行きます。过来との違いも。,使い分け,https://www.youtube.com/watch?v=z9HblHAlKFg,2026-08-19,60,7
59,【中国語】看起来・听起来・闻起来｜「〜した感じ」が五感すべてで言える,起来 / 看起来 / 听起来 / 闻起来 / 想起来,起来の3用法を整理(1つのイメージにまとめず3つに分ける)。看起来・听起来・闻起来で「〜した感じ」が五感すべてで言える。想起来=思い出す。,文法,https://www.youtube.com/watch?v=h_XCKBE0buM,2026-08-17,59,6
58,中国語で「〜できない」は、これだけで言えます｜听不懂の仕組み,结果补语 / 听不懂 / 看见 / 听得懂 / 看不见,結果補語の仕組み。中国語の動詞は「やろうとした」だけで、結果は後ろに足す。听不懂を入口に、〜できない(不)/できる(得)の言い方を整理。,文法,https://www.youtube.com/watch?v=6Mm9_mXT3ag,2026-08-15,58,7
57,【中国語】把構文、いつ使うのか分かりますか｜語順より大事なルール,把構文 / 把 / 把手 / 结果补语 / 我把苹果吃了,把構文は語順(把+目的語+動詞)より「いつ使うか」。把=もともと握る→対象を手に取ってどうにかする文。動詞だけで終われず結果補語や了が必要。,文法,https://www.youtube.com/watch?v=HOcnsCGHSgI,2026-08-13,57,8
56,【中国語】実は、日本語の法律文とそっくりです｜書き言葉の接続表現,由于 / 因此 / 是否 / 及 / 导致 (←因为・所以),書き言葉の接続表現。日報から発見した由于…因此(←因为…所以)、是否、及、导致。日本語の法律文とそっくりという気づき。漢文回の続編。,語彙,https://www.youtube.com/watch?v=sj_qPfJYXpA,2026-08-10,56,8
55,【中国語】做饭は「作る」、干饭は「食べる」｜一文字変えるだけで別のことに,做饭 / 干饭 / 做梦 / 做老师 / 万能動詞,「する」5つの続編。万能動詞は単体では意味が決まらず、動詞のイメージ×目的語の掛け算で決まる。做饭=作る、干饭=食べる(かき込む)。コメントから生まれた回。,使い分け,https://www.youtube.com/watch?v=gNZy1uJvMCg,2026-08-07,55,9
54,【中国語】日本の標語は五七五、中国の標語は「対」｜職場で気づいた発想の違い,標語 / 多⇔少 / 易⇔难 / 有⇔无 / 核对 / 尴尬,日本の標語は五七五、中国の標語は「対」。前半後半で構造を揃え、頭の一字に反対語をぶつける型。職場の標語コンテストで気づいた発想の違い。,語彙,https://www.youtube.com/watch?v=1EYmuJWMvsk,2026-08-04,54,8
53,中国語の書き言葉は、実は「漢文」だった｜日報で気づいた話,将(←把) / 与(←和・跟) / 均(←都) / 为(←是) / 无(←没有),中国語の書き言葉は実は漢文。工場の修理日報から気づいた話。会話の把・和・都・是・没有に対応する書面語(将・与・均・为・无)を対応表で整理。,語彙,https://www.youtube.com/watch?v=8WHQxzj3Fsg,2026-08-01,53,10
52,【中国語】越来越だけじゃない！越〜越〜の使い方をレース実況から学ぶ,越〜越〜 / 越来越 / 越追越近 / 越放越远,越〜越〜の応用編。MotoGP中継(bilibili)で実際に使われた表現から学ぶ。越来越(だんだん)との違い、很・非常はつけないルール。,文法,https://www.youtube.com/watch?v=GdzA_X9lwSk,2026-07-29,52,8
51,【中国語】なぜ「酒店」がホテル？由来と、酒店・宾馆・旅馆の使い分け,酒店 / 宾馆 / 旅馆 / 招待所,なぜ「酒店」がホテル？由来は諸説(酒食を出す宿場/香港から広まった)。酒店=高級、宾馆・旅馆との使い分けも。旅行・出張で役立つ。,語彙,https://www.youtube.com/watch?v=iZi2QIbOtXM,2026-07-26,51,8
50,【中国語】「块」はお金だけじゃない！かたまり・値段・一緒にを一気に整理块,块 / 一块蛋糕 / 十块 / 三块五 / 一块儿,「块」を大元「かたまり(繁体字=塊)」で整理。量詞(かたまりを数える)→お金の単位(元の口語)→値段の言い方(块毛分)→一块儿(一緒に=一起)まで一本の線で。,使い分け,https://www.youtube.com/watch?v=XoCIyoFjCIE,2026-07-21,50,8
49,【中国語】「する」が5つ！做・干・弄・搞・办の使い分け,做 / 干 / 弄 / 搞 / 办 / 干活儿 / 怎么办,「する・やる」5つの使い分け。做=基本(丁寧)、干=口語(労働・人を目的語にすると下品)、弄=手でいじる、搞、办=手続き。,使い分け,https://www.youtube.com/watch?v=ApfSa-VILpo,2026-07-19,49,8
48,中国語の「注意」は日本語と違う？叱るの意味がない理由と、注意到・小心の使い方,注意 / 注意到 / 批评 / 提醒 / 小心,中国語の注意は「意識を注ぐ」。気づく=注意到(看到と同じ仕組み)。日本語と違い「叱る」の意味がなく、叱るは批评・提醒を使う。,使い分け,https://www.youtube.com/watch?v=nhDJC3INUC0,2026-07-17,48,7
47,【中国語】「全部」だけじゃない！全部・所有・一切・都の使い分け,全部 / 所有 / 一切 / 都 / 一半,「すべて」の使い分け。名詞につく全部(万能)・所有(一つ残らず)・一切(抽象的)と、動詞につく都(みんな〜する)で大きく2分。おまけで一半(半分)。,使い分け,https://www.youtube.com/watch?v=0NCAodskb88,2026-07-15,47,8
46,"【中国語】なぜ「加油」で頑張れ？""油を加える""の意外な由来｜使い分けも解説",加油 / 加油站 / 别太累了 / 挺住 / 油门,加油(頑張れ)の由来を3説から解説(ランプの油/火に油/給油)。加油が使えない場面と、别太累了・挺住など状況別の励まし方も。,語彙,https://www.youtube.com/watch?v=D8H1m4vzDLk,2026-07-13,46,8
45,なぜ「我看他了」は不自然？中国語「見た」の正しい使い分け【看・见・看到・看过】,看 / 见 / 看见 / 看到 / 没看见 / 看不见,「見た」の使い分け。看=見る動作(自分から見にいく)、见=見えた結果(目に入る)。看见=見て目に入った。我看他了が不自然な理由も解説。,使い分け,https://www.youtube.com/watch?v=8LgepYMHDQk,2026-07-10,45,10
44,【中国語】同じ「着」なのに読み方2つ？zhe と zháo をイメージで攻略｜モヤッとする多義語③,着(zhe / zháo) / 笑着说 / 门开着 / 睡着了 / 找着了,「着」の2つの読み。zhe(助詞)=くっついて続く(〜しながら/状態残存)、zháo(結果補語)=目標にくっつく=達成。コアイメージ(くっついて離れない)。シリーズ③完結。,使い分け,https://www.youtube.com/watch?v=jctGMVkYltw,2026-07-09,44,8
43,【中国語】就はコアイメージで攻略｜すぐ・もう・なら・だけを1つのイメージで,就(コアイメージ) / 马上就来 / 就是 / 时间・条件・限定,「就」をコアイメージ(一直線にパッと繋がる)で整理。時間(すぐ・もう)・条件(なら)・限定(だけ)の3方向。就・得・着シリーズ②。,使い分け,https://www.youtube.com/watch?v=3f0k3fnTzLo,2026-07-07,43,8
42,【中国語】得は3つの読み方がある!dé・děi・deをコアイメージで攻略,得(dé / děi / de) / 得到 / 得走了 / 程度補語,「得」3つの読み方をコアイメージ(届く・手に入れる)で整理。dé=得る(動詞)、děi=〜しなければ(助動詞)、de=程度補語。就・得・着シリーズ①。,使い分け,https://www.youtube.com/watch?v=6u_7gD1T66A,2026-07-06,42,8
41,【中国語】同じ「让」が受身にも使役にもなる!主語の向きで意味が逆転,让 / 被 / 叫 / 使役 / 受身,同じ「让」が受身(〜される)と使役(〜させる)の両方になる。主語の向き(される側/させる側)で意味が逆転。让+人+動詞。,文法,https://www.youtube.com/watch?v=SRPN8nZp_LI,2026-06-30,41,9
40,【中国語】受身の被はいつ使う?日本語の「〜された」を全部被にしてはいけない理由,被 / 让 / 叫 / 被偷了 / 被表扬,受身「〜される」。被=する人を省略でき良いことにも使える、让/叫=口語的だが省略不可・被害寄り。日本語の受身を全部被にしない。,文法,https://www.youtube.com/watch?v=-8BPYaS5i1E,2026-06-28,40,7
39,【中国語】「最初は」は一开始だけじゃない｜刚开始・起初との違いを解説,一开始 / 刚开始 / 起初 / 最初,「最初は」の使い分け。一开始=口語で万能、刚开始=始めたばかりの頃、起初=書き言葉/フォーマル、最初=「最初の〜」と名詞につく。,使い分け,https://www.youtube.com/watch?v=qDIzIvzaWmE,2026-06-25,39,6
38,【中国語】「ちょっと」は有点儿?一点儿?間違えやすい程度表現を解説,有点儿 / 一点儿 / 比较 / 十分 / 超,程度表現②。比较=わりと、十分=非常に(フォーマル)、超=超〜(カジュアル)、有点儿=ちょっと(マイナス)。有点儿(前)と一点儿(後)の違い。,使い分け,https://www.youtube.com/watch?v=qLRvdMc3ilc,2026-06-22,38,8
37,【中国語】「とても」は很だけじゃない｜挺・非常・特别・太〜了の使い分け,很 / 挺〜的 / 非常 / 特别 / 好〜 / 太〜了,「とても」程度表現の使い分け。很(基本)→挺的(やわらかい)→非常→特别と強くなり、好〜・太〜了は感嘆。,使い分け,https://www.youtube.com/watch?v=W757SPimNHU,2026-06-21,37,9
36,【中国語】「すごい!」は厉害だけじゃない｜聪明・不愧是你・牛逼の使い分け,厉害 / 聪明 / 不愧是你 / 牛逼 / 太牛了,ほめ言葉の使い分け。能力すごい=厉害、頭がいい=聪明、さすが=不愧是你、カジュアル=牛逼/太牛了。,使い分け,https://www.youtube.com/watch?v=nmfqnuH-5kI,2026-06-19,36,6
35,【中国語】全部「予定」じゃない!打算・计划・安排の違いと予約・約束の表現,打算 / 计划 / 安排 / 预定 / 约 / 预约,予定・計画(打算→计划→安排)と予約・約束(预定/约/预约)の使い分け。予約は予でなく预。,使い分け,https://www.youtube.com/watch?v=O3Ym4eCKs7w,2026-06-17,35,9
34,中国語に「もらう」はない?给了我・收到で「もらった」を表現する方法,给 / 给了我 / 收到,「もらう」は視点を変える。给了我(くれた)/收到(受け取った)で表現。收到は仕事で「了解です」にも。,使い分け,https://www.youtube.com/watch?v=-VdjeMXaTjM,2026-06-16,34,7
33,【中国語】离合词の重ね型！散散步・聊聊天・见见面の作り方,散散步 / 聊聊天 / 见见面 / 重ね型,離合詞の重ね型(AAB型)。動詞部分だけ繰り返して「ちょっと〜する」。普通の動詞(看看)との違い。,文法,https://www.youtube.com/watch?v=SZLBKWocHWQ,2026-06-14,33,6
32,【中国語】下班・洗澡・结婚は実は2つの言葉だった！離合詞を徹底解説,离合词 / 下班 / 洗澡 / 结婚 / 睡觉 / 见面,離合詞=動詞+目的語のセット。了/过/着/数量詞は間に挟む、相手は和〜、場所は在〜で前に置く。,文法,https://www.youtube.com/watch?v=gH6pcokOweg,2026-06-13,32,7
31,【中国語】「本当は」は真的だけじゃない！其实・本来との使い分けを解説,真的 / 其实 / 本来,「本当は」の使い分け。強調=真的、本音の打ち明け=其实、もともと/〜のはずだった=本来。,使い分け,https://www.youtube.com/watch?v=9bqBl50BmVE,2026-06-10,31,6
30,【中国語】下班了と下了班は何が違う？了の位置のルールを徹底整理,了 / 下班了 / 下了班 / 洗澡了,了の位置で意味が変わる。文末の了=完了・報告、動詞直後の了=次の行動につながる。,文法,https://www.youtube.com/watch?v=eHFehhIDxJI,2026-06-08,30,7
29,【中国語】要不然って2つの意味があった！さもないと・それとも・要不まで解説,要不然 / 要不 / 不然 / 否则 / 还是 / 或者,要不然の2用法(さもないと/それとも・代替案)。还是(選ばせる)・或者(並べる)との違い。,使い分け,https://www.youtube.com/watch?v=w53px1Pcyok,2026-06-03,29,8
28,中国語「どういたしまして」を深掘り｜没事が万能すぎる件と現地で教わった甭客气,没事 / 没关系 / 不客气 / 甭客气 / 不用客气,どういたしまして。教科書は不客气だが日常は没事/没关系が自然。甭=不+用を1字にした漢字。,使い分け,https://www.youtube.com/watch?v=yCT6aCUkKCQ,2026-06-01,28,8
27,【中国語】久しぶりは「していない」で表現する？日中の発想の違いが面白い,好久没〜了 / 难得 / 久违的,「久しぶりに〜する」の発展編。日中の発想の違い(していないで表現)。难得=せっかく、久违的=久しぶりの(フォーマル)。,文法,https://www.youtube.com/watch?v=wTmZp4cNq8w,2026-05-31,27,8
26,【中国語】应该は「すべき」だけじゃない｜推測・口語表現まで整理,应该 / 该 / 不应该 / 应该是,应该の2意味=義務「〜すべき」と推測「〜のはず」。口語は该一文字。推測の確率は80〜90%。,使い分け,https://www.youtube.com/watch?v=vGQOa-nFJUI,2026-05-19,26,8
25,【中国語】「可能」は「できる」じゃない！たぶん・かもしれないの表現を解説,可能 / 有可能 / 也许 / 大概,たぶん・かもしれない。可能=可能性(「できる」ではない)、也许=根拠が薄い、大概=根拠がある推測。,使い分け,https://www.youtube.com/watch?v=BwX2OuuALzM,2026-05-18,25,8
24,【中国語】数字の読み方完全ガイド｜520・250・666の豆知識も解説,数字 / 两 / 二 / 块 / 毛 / 520 / 250 / 666,数字の読み方。二と两、百千万亿、电话は1=yāo、口語は块/毛。520/250/666などの豆知識。,語彙,https://www.youtube.com/watch?v=poB6zmwLTsw,2026-05-17,24,8
23,【中国語】越来越（yuè lái yuè）完全解説｜Duolingoで学んで美容院で使えた話,越来越 / 越〜越〜,越来越+形容詞/動詞=だんだん〜になる。越〜越〜=すればするほど。很・非常はつけない。,文法,https://www.youtube.com/watch?v=TG4h4yuuaxw,2026-05-16,23,9
22,【中国語】AはBより〜は「比」を使う｜很はNG・没有で否定も解説,比 / 没有 / 更 / 还 / 一样,A比B+形容詞。形容詞は最後、很・非常NG、否定はA没有B、同じくらいは跟…一样。,文法,https://www.youtube.com/watch?v=p8zaGwcZPGQ,2026-05-15,22,8
21,【中国語】文末につけるだけでニュアンスが変わる｜吧・呢・啊を整理,吧 / 呢 / 啊 / 好吧 / 你呢 / 然后呢,語気助詞。吧=確認/提案、呢=聞き返し/進行中、啊=感嘆。好吧と好啊のニュアンス差。,文法,https://www.youtube.com/watch?v=8wLzLzev7aE,2026-05-14,21,7
20,【中国語】時刻と時間の長さの違い｜分と分钟はどう使い分ける？,点 / 分 / 分钟 / 小时 / 半 / 刻,時刻(点・分)と時間の長さ(小时・分钟)の違い。時刻の分=分、長さの分=分钟で使い分け。,文法,https://www.youtube.com/watch?v=hIl7L4WdKJw,2026-05-13,20,8
19,【中国語】「不」と「没」の使い分け｜どちらを使えばいいか迷う人へ,不 / 没 / 没有 / 不是 / 还没,不=意志/習慣/性質/形容詞の否定、没=事実/完了の否定。是は必ず不是、有は必ず没有。,使い分け,https://www.youtube.com/watch?v=csPsVPbzzCw,2026-05-12,19,8
18,【中国語】好久不见の仕組みを理解する｜好久没〜で久しぶりを使いこなそう,好久不见 / 好久没〜了 / 好久不〜,好久不见の仕組み。久しぶりは「長い間〜していない」で表現。好久没〜了で「久しぶりに〜する」。,文法,https://www.youtube.com/watch?v=ny3Ds7YmlwE,2026-05-11,18,8
17,【中国語】这么と这样って何が違う？程度と様子の使い分けを解説,这么 / 那么 / 这样 / 那样 / 这样啊,这么/那么=程度「こんなに」、这样/那样=様子「このように」。自分に近い=这、遠い=那。这样啊=なるほど。,使い分け,https://www.youtube.com/watch?v=sBjMtClwvLY,2026-05-10,17,10
16,中国語「就这些・而已」を解説｜只是と而已の違いも合わせて紹介,就 / 而已 / 就这些 / 只有这些 / 这些而已,就=これだけ/まさに、而已=〜にすぎない。「これだけです」3パターン(只有这些/就这些/这些而已)の違い。,使い分け,https://www.youtube.com/watch?v=Ec-5mLe3qak,2026-05-09,16,8
15,中国語「只」が伝わらない理由と対策｜只有・只是・只要を丁寧に解説,只 / 只有 / 只是 / 只要…就,只=〜だけ(副詞)。2文字セット(只有/只是/只要…就)にすると伝わりやすい。,文法,https://www.youtube.com/watch?v=ttf1EnEghNY,2026-05-08,15,7
14,中国語の疑問詞8つを整理｜疑問詞があるときは吗はいらない！,什么 / 哪里 / 谁 / 怎么 / 为什么 / 多少 / 什么时候 / 怎么样 / 怎么办,疑問詞8つの整理。疑問詞がある文には吗をつけない(疑問詞自体が?の役割)。,文法,https://www.youtube.com/watch?v=9g1mlY3v-88,2026-05-07,14,12
13,【中国語】但是は使えるけど虽然は？因为…所以の倒置法も解説,虽然 / 但是 / 因为 / 所以 / 可是 / 不过,虽然…但是=逆接、因为…所以=理由。どちらか片方でもOK。因为の倒置法も。,文法,https://www.youtube.com/watch?v=7S0XspOoyHQ,2026-05-06,13,6
12,【中国語】「もし〜なら」「たとえ〜でも」如果と即使の使い分けを解説,如果 / 的话 / 即使 / 也 / 就算 / 哪怕,如果…的话=もし〜なら(条件で結果が変わる)、即使…也=たとえ〜でも(結果は変わらない)。,使い分け,https://www.youtube.com/watch?v=PI_CaPOkaMk,2026-05-05,12,6
11,【中国語】「了」応用編｜快要・太…了・不…了・动不了まで日常表現を一気に解説,快要…了 / 太…了 / 不…了 / 了(liǎo) / 受不了,了の応用。快要了=もうすぐ、太了=〜すぎる、不了=もう〜しない(変化)、动不了/受不了=〜しきれない。,文法,https://www.youtube.com/watch?v=q8gNPNIEL0c,2026-05-04,11,6
10,【中国語】「了」は過去形じゃない！完了と変化の2つの使い方を解説,了 / 完了 / 変化 / 没(有),了は過去形ではない。完了の了(動詞直後)と変化の了(文末)の2種類。否定は没で了は消える。,文法,https://www.youtube.com/watch?v=R8xEgfVuO0Y,2026-05-02,10,7
9,中国語「思う」の使い分け｜我以为は要注意！勘違いのニュアンスがある,觉得 / 认为 / 以为 / 想 / 在想,「思う」の使い分け。觉得=感覚(一番万能)、认为=論理的、以为=勘違い、想=したい/柔らかい推測。,使い分け,https://www.youtube.com/watch?v=pH6cSMGETF0,2026-05-01,9,7
8,【中国語】会・能・可以の違い｜習得・状況・許可で覚える使い分け,会 / 能 / 可以 / 不会 / 不能 / 不可以,「できる」の使い分け。会=習得したスキル、能=状況/条件、可以=許可。否定も3種で対応。,使い分け,https://www.youtube.com/watch?v=TEEZpwFU1wE,2026-04-29,8,7
7,【中国語】量詞を解説｜迷ったらとりあえず个でOK！よく使う8つを厳選,个 / 本 / 张 / 条 / 件 / 杯 / 瓶 / 双 / 两,量詞=数字+量詞+名詞。迷ったら个。日本語と違う数え方(ビール一瓶/魚一条/シャツ一件)に注意。,語彙,https://www.youtube.com/watch?v=9XyAwVxpHKk,2026-04-28,7,7
6,中国語に「それ」はない？这・那・哪の使い方を現地経験も交えて解説,这 / 那 / 哪 / 这个 / 那个 / 这里 / 哪里,这/那/哪=これ/あれ/どれ。中国語は2段階で「それ」がない。那个は「えーと」の間つなぎにも。,使い分け,https://www.youtube.com/watch?v=CyWOYCa2E0w,2026-04-26,6,8
5,中国語「有」と「在」の違いを解説｜いる・あるの使い分けはここで決まる,有 / 在 / 没有,有=存在の有無(あるかないか)、在=場所の特定(どこにあるか)。是・有・在の3つを整理。,使い分け,https://www.youtube.com/watch?v=OvCJbJYxH68,2026-04-25,5,6
4,【中国語】「有（yǒu）」を使いこなそう｜没有・有没有・有点まで,有 / 没有 / 有没有 / 有点,有=ある/いる/持っている。否定は必ず没有(不有はNG)。有没有=確認の疑問、有点=ちょっと(マイナス)。,文法,https://www.youtube.com/watch?v=MwPyfLAFIVQ,2026-04-24,4,8
3,【中国語】「就是」って何パターンある？よく聞くのに使えない理由を解説,就是 / 就是说 / 不是…吗,就是の3用法(まさに/つまり=就是说/ただ〜だけど)。不是…吗=〜じゃないですか(確認・反語、トーン注意)。,使い分け,https://www.youtube.com/watch?v=qwfIk29aBrw,2026-04-23,3,6
2,【中国語】还是（háishi）って「それとも」だけじゃない？2つの意味を整理,还是 / 或者,还是の2用法(それとも[選択疑問]/やっぱり[結論])。選択肢を並べる普通の文では或者。,使い分け,https://www.youtube.com/watch?v=GkSjS4VjR2g,2026-04-22,2,5
1,【中国語応用】是…的構文を解説｜使えなくても聞けるレベルを目指そう,是…的構文,是…的構文=済んだ事の「時・場所・方法」を強調する。使えなくても聞いて分かるレベルを目指す。,文法,https://www.youtube.com/watch?v=n856QMod4RA,2026-04-21,1,6
